{"GesturesAndSprays":[{"GesturesAndSpraysName":210006},{"GesturesAndSpraysName":210017},{"GesturesAndSpraysName":210002},{"GesturesAndSpraysName":210014},{"GesturesAndSpraysName":210021},{"GesturesAndSpraysName":210020},{"GesturesAndSpraysName":210013},{"GesturesAndSpraysName":210018}],"Loadouts":[{"equipmentSetups":[{"equipmentName":"equip_throwing_knife_fire"},{"equipmentName":"equip_adrenaline"}],"loadoutPerks":[{"loadoutPerksName":"specialty_hustle"},{"loadoutPerksName":"specialty_surveillance"},{"loadoutPerksName":"specialty_huntmaster"}],"name":"^2SMG","weaponSetup":[{"Sticker":[{"StickerName":"none"},{"StickerName":"none"},{"StickerName":"none"},{"StickerName":"none"}],"attachments":[["laserrange",0],["stockno",0],["pistolgrip02",0],["calcust",0],["gripcust",0]],"camo":"camo_11d","cosmeticAttachmentName":"none","lootItemID":589,"reticleName":"none","variantId":19,"weapon":"iw8_sm_mpapa5"},{"Sticker":[{"StickerName":"none"},{"StickerName":"none"},{"StickerName":"none"},{"StickerName":"none"}],"attachments":[["none",0],["none",0],["none",0],["none",0],["none",0]],"camo":"none","cosmeticAttachmentName":"none","lootItemID":674,"reticleName":"none","variantId":51,"weapon":"iw8_knife"}]},{"equipmentSetups":[{"equipmentName":"equip_throwing_knife_fire"},{"equipmentName":"equip_adrenaline"}],"loadoutPerks":[{"loadoutPerksName":"specialty_hustle"},{"loadoutPerksName":"specialty_strategist"},{"loadoutPerksName":"specialty_warhead"}],"name":"^1Royal","weaponSetup":[{"Sticker":[{"StickerName":"none"},{"StickerName":"none"},{"StickerName":"none"},{"StickerName":"none"}],"attachments":[["laserbalanced",0],["stocks",0],["fastreload",0],["pistolgrip02",0],["barshort",3]],"camo":"camo_12d","cosmeticAttachmentName":"none","lootItemID":567,"reticleName":"retsnpr11","variantId":15,"weapon":"iw8_sn_alpha50"},{"Sticker":[{"StickerName":"none"},{"StickerName":"none"},{"StickerName":"none"},{"StickerName":"none"}],"attachments":[["none",0],["none",0],["none",0],["none",0],["none",0]],"camo":"camo_11b","cosmeticAttachmentName":"none","lootItemID":673,"reticleName":"none","variantId":50,"weapon":"iw8_knife"}]},{"equipmentSetups":[{"equipmentName":"equip_throwing_knife_fire"},{"equipmentName":"equip_adrenaline"}],"loadoutPerks":[{"loadoutPerksName":"specialty_hustle"},{"loadoutPerksName":"specialty_strategist"},{"loadoutPerksName":"specialty_warhead"}],"name":"^1Royal","weaponSetup":[{"Sticker":[{"StickerName":"none"},{"StickerName":"none"},{"StickerName":"none"},{"StickerName":"none"}],"attachments":[["fastreload",0],["laserbalanced",0],["stocks",0],["pistolgrip01",0],["barshort",0]],"camo":"camo_00b","cosmeticAttachmentName":"none","lootItemID":0,"reticleName":"none","variantId":0,"weapon":"iw8_sn_alpha50"},{"Sticker":[{"StickerName":"none"},{"StickerName":"none"},{"StickerName":"none"},{"StickerName":"none"}],"attachments":[["none",0],["none",0],["none",0],["none",0],["none",0]],"camo":"camo_11d","cosmeticAttachmentName":"none","lootItemID":570,"reticleName":"none","variantId":35,"weapon":"iw8_knife"}]},{"equipmentSetups":[{"equipmentName":"equip_throwing_knife_fire"},{"equipmentName":"equip_adrenaline"}],"loadoutPerks":[{"loadoutPerksName":"specialty_hustle"},{"loadoutPerksName":"specialty_strategist"},{"loadoutPerksName":"specialty_warhead"}],"name":"^1Royal","weaponSetup":[{"Sticker":[{"StickerName":"none"},{"StickerName":"none"},{"StickerName":"none"},{"StickerName":"none"}],"attachments":[["laserbalanced",0],["stocks",0],["fastreload",0],["pistolgrip02",0],["barshort",3]],"camo":"camo_12d","cosmeticAttachmentName":"none","lootItemID":567,"reticleName":"retsnpr11","variantId":15,"weapon":"iw8_sn_alpha50"},{"Sticker":[{"StickerName":"none"},{"StickerName":"none"},{"StickerName":"none"},{"StickerName":"none"}],"attachments":[["none",0],["none",0],["none",0],["none",0],["none",0]],"camo":"camo_11b","cosmeticAttachmentName":"none","lootItemID":673,"reticleName":"none","variantId":50,"weapon":"iw8_knife"}]},{"equipmentSetups":[{"equipmentName":"equip_throwing_knife_fire"},{"equipmentName":"equip_adrenaline"}],"loadoutPerks":[{"loadoutPerksName":"specialty_hustle"},{"loadoutPerksName":"specialty_strategist"},{"loadoutPerksName":"specialty_warhead"}],"name":"^1Royal","weaponSetup":[{"Sticker":[{"StickerName":"none"},{"StickerName":"none"},{"StickerName":"none"},{"StickerName":"none"}],"attachments":[["laserbalanced",0],["stocks",0],["fastreload",0],["pistolgrip02",0],["barshort",3]],"camo":"camo_11b","cosmeticAttachmentName":"none","lootItemID":567,"reticleName":"retsnpr11","variantId":15,"weapon":"iw8_sn_alpha50"},{"Sticker":[{"StickerName":"none"},{"StickerName":"none"},{"StickerName":"none"},{"StickerName":"none"}],"attachments":[["none",0],["none",0],["none",0],["none",0],["none",0]],"camo":"camo_11b","cosmeticAttachmentName":"none","lootItemID":674,"reticleName":"none","variantId":51,"weapon":"iw8_knife"}]},{"equipmentSetups":[{"equipmentName":"equip_throwing_knife_fire"},{"equipmentName":"equip_adrenaline"}],"loadoutPerks":[{"loadoutPerksName":"specialty_hustle"},{"loadoutPerksName":"specialty_strategist"},{"loadoutPerksName":"specialty_warhead"}],"name":"^1Royal","weaponSetup":[{"Sticker":[{"StickerName":"none"},{"StickerName":"none"},{"StickerName":"none"},{"StickerName":"none"}],"attachments":[["laserbalanced",0],["stocks",0],["fastreload",0],["pistolgrip02",0],["barshort",3]],"camo":"camo_12e","cosmeticAttachmentName":"none","lootItemID":567,"reticleName":"retsnpr11","variantId":15,"weapon":"iw8_sn_alpha50"},{"Sticker":[{"StickerName":"none"},{"StickerName":"none"},{"StickerName":"none"},{"StickerName":"none"}],"attachments":[["none",0],["none",0],["none",0],["none",0],["none",0]],"camo":"camo_12e","cosmeticAttachmentName":"none","lootItemID":674,"reticleName":"none","variantId":51,"weapon":"iw8_knife"}]},{"equipmentSetups":[{"equipmentName":"equip_throwing_knife_fire"},{"equipmentName":"equip_adrenaline"}],"loadoutPerks":[{"loadoutPerksName":"specialty_hustle"},{"loadoutPerksName":"specialty_strategist"},{"loadoutPerksName":"specialty_warhead"}],"name":"^1Royal","weaponSetup":[{"Sticker":[{"StickerName":"none"},{"StickerName":"none"},{"StickerName":"none"},{"StickerName":"none"}],"attachments":[["laserbalanced",0],["stocks",0],["fastreload",0],["pistolgrip02",0],["barshort",3]],"camo":"camo_11d","cosmeticAttachmentName":"none","lootItemID":567,"reticleName":"retsnpr11","variantId":15,"weapon":"iw8_sn_alpha50"},{"Sticker":[{"StickerName":"none"},{"StickerName":"none"},{"StickerName":"none"},{"StickerName":"none"}],"attachments":[["none",0],["none",0],["none",0],["none",0],["none",0]],"camo":"camo_11d","cosmeticAttachmentName":"none","lootItemID":674,"reticleName":"none","variantId":51,"weapon":"iw8_knife"}]},{"equipmentSetups":[{"equipmentName":"equip_throwing_knife_fire"},{"equipmentName":"equip_adrenaline"}],"loadoutPerks":[{"loadoutPerksName":"specialty_hustle"},{"loadoutPerksName":"specialty_strategist"},{"loadoutPerksName":"specialty_warhead"}],"name":"^3Hdr","weaponSetup":[{"Sticker":[{"StickerName":"none"},{"StickerName":"none"},{"StickerName":"none"},{"StickerName":"none"}],"attachments":[["vzscope",1],["stockh",1],["laserbalanced",0],["fastreload",0],["bipod",0]],"camo":"camo_11d","cosmeticAttachmentName":"none","lootItemID":150,"reticleName":"retsnpr11","variantId":3,"weapon":"iw8_sn_hdromeo"},{"Sticker":[{"StickerName":"none"},{"StickerName":"none"},{"StickerName":"none"},{"StickerName":"none"}],"attachments":[["none",0],["none",0],["none",0],["none",0],["none",0]],"camo":"camo_11d","cosmeticAttachmentName":"none","lootItemID":674,"reticleName":"none","variantId":51,"weapon":"iw8_knife"}]},{"equipmentSetups":[{"equipmentName":"equip_claymore"},{"equipmentName":"equip_flash"}],"loadoutPerks":[{"loadoutPerksName":"specialty_eod"},{"loadoutPerksName":"specialty_restock"},{"loadoutPerksName":"specialty_warhead"}],"name":"^6Nothing","weaponSetup":[{"Sticker":[{"StickerName":"none"},{"StickerName":"none"},{"StickerName":"none"},{"StickerName":"none"}],"attachments":[["none",0],["none",0],["none",0],["none",0],["none",0]],"camo":"none","cosmeticAttachmentName":"none","lootItemID":0,"reticleName":"none","variantId":0,"weapon":"iw8_lm_pkilo"},{"Sticker":[{"StickerName":"none"},{"StickerName":"none"},{"StickerName":"none"},{"StickerName":"none"}],"attachments":[["none",0],["none",0],["none",0],["none",0],["none",0]],"camo":"none","cosmeticAttachmentName":"none","lootItemID":0,"reticleName":"none","variantId":0,"weapon":"iw8_la_rpapa7"}]},{"equipmentSetups":[{"equipmentName":"equip_throwing_knife_fire"},{"equipmentName":"equip_adrenaline"}],"loadoutPerks":[{"loadoutPerksName":"specialty_hustle"},{"loadoutPerksName":"specialty_surveillance"},{"loadoutPerksName":"specialty_warhead"}],"name":"^6Nothing","weaponSetup":[{"Sticker":[{"StickerName":"none"},{"StickerName":"none"},{"StickerName":"none"},{"StickerName":"none"}],"attachments":[["laserrange",0],["stockno",0],["pistolgrip02",0],["calcust",0],["gripcust",0]],"camo":"camo_11d","cosmeticAttachmentName":"none","lootItemID":589,"reticleName":"none","variantId":19,"weapon":"iw8_sm_mpapa5"},{"Sticker":[{"StickerName":"none"},{"StickerName":"none"},{"StickerName":"none"},{"StickerName":"none"}],"attachments":[["none",0],["none",0],["none",0],["none",0],["none",0]],"camo":"none","cosmeticAttachmentName":"none","lootItemID":674,"reticleName":"none","variantId":51,"weapon":"iw8_knife"}]}],"Operator":{"OperatorExecution":{"alex_western":108,"alice_western":17,"azur_eastern":59,"bale_eastern":21,"charly_western":15,"crowfoot_western":87,"dday_western":13,"default_eastern":76,"default_western":75,"dingo_eastern":57,"domino_western":23,"farah_western":35,"ghost_western":37,"golem_western":33,"grinch_eastern":49,"hooper_western":41,"iskra_eastern":51,"kato_western":29,"kreuger_eastern":55,"lynch_western":39,"metalghost_eastern":89,"minotavr_eastern":65,"murphy_western":11,"otter_western":25,"quin_western":27,"raines_western":67,"rodion_eastern":45,"ronin_western":110,"spetsnaz_eastern":9,"stohli_eastern":43,"syd_eastern":19,"trigg_eastern":47,"wyatt_western":7,"yegor_eastern":53,"yolandi_eastern":61,"zane_eastern":63,"zedra_western":31},"OperatorIndex":1,"OperatorSkin":{"alex_western":794,"alice_western":46,"azur_eastern":235,"bale_eastern":64,"charly_western":37,"crowfoot_western":727,"dday_western":28,"default_eastern":275,"default_western":274,"dingo_eastern":226,"domino_western":768,"farah_western":127,"ghost_western":136,"golem_western":124,"grinch_eastern":193,"hooper_western":154,"iskra_eastern":200,"kato_western":100,"kreuger_eastern":217,"lynch_western":145,"metalghost_eastern":733,"minotavr_eastern":262,"murphy_western":19,"otter_western":88,"quin_western":91,"raines_western":276,"rodion_eastern":178,"ronin_western":793,"spetsnaz_eastern":10,"stohli_eastern":163,"syd_eastern":55,"trigg_eastern":181,"wyatt_western":4,"yegor_eastern":208,"yolandi_eastern":244,"zane_eastern":253,"zedra_western":117},"OperatorTaunt":{"alex_western":331,"alice_western":6,"azur_eastern":27,"bale_eastern":8,"charly_western":5,"crowfoot_western":311,"dday_western":4,"default_eastern":0,"default_western":0,"dingo_eastern":26,"domino_western":9,"farah_western":15,"ghost_western":16,"golem_western":14,"grinch_eastern":22,"hooper_western":18,"iskra_eastern":23,"kato_western":12,"kreuger_eastern":25,"lynch_western":17,"metalghost_eastern":321,"minotavr_eastern":30,"murphy_western":3,"otter_western":10,"quin_western":11,"raines_western":31,"rodion_eastern":20,"ronin_western":341,"spetsnaz_eastern":2,"stohli_eastern":19,"syd_eastern":7,"trigg_eastern":21,"wyatt_western":1,"yegor_eastern":24,"yolandi_eastern":28,"zane_eastern":29,"zedra_western":13},"OperatorWatch":24,"SelectedOperator":["zedra_western","iskra_eastern"]},"customizationBackground":[{"customizationBackgroundName":945},{"customizationBackgroundName":0}],"customizationPatch":[{"customizationPatchName":417},{"customizationPatchName":0}],"fieldUpgrades":[{"fieldUpgradesName":"super_deadsilence"},{"fieldUpgradesName":"none"}],"killstreak":[{"killstreakName":"radar_drone_overwatch"},{"killstreakName":"uav"},{"killstreakName":"directional_uav"}]}